Workbook

Sheet Сц
A1: Список виконаних вогневих завдань
A4: № з/п | B4: Час | C4: Артилерійська система | D4: Координати цілі (MGRS) | E4: Район | F4: Характер цілі | G4: Підрозділ який виконував в/з | H4: Калібр снаряду | I4: К-сть б-сів | J4: Результат ураження | K4: Марка снаряду

Sheet витр.залиш.-СН
A1: Витрата та залишок боєприпасів в підрозділах артилерії УДШВ
A2: Сили (засоби) | B2: 11 одшбр | D2: 12 одшбр | F2: 13 ошп | H2: АГр, РУК 14 оабр | L2: ВСЬОГО
A3: Витрата високоточних боєприпасів
B4: витрата б/п | C4: залишок б/п | D4: витрата б/п | E4: залишок б/п | F4: витрата б/п | G4: залишок б/п | H4: витрата б/п | I4: залишок б/п | J4: витрата б/п | K4: залишок б/п | L4: витрата б/п | M4: залишок б/п
A5: 155 мм М982 Excalibur | E5: 8 | L5: =B5+D5+F5+H5+J5 | M5: =C5+E5+G5+I5+K5
A6: 155 мм Bonus | L6: =B6+D6+F6+H6+J6 | M6: =C6+E6+G6+I6+K6
A7: 155 мм Vulcano | L7: =B7+D7+F7+H7+J7 | M7: =C7+E7+G7+I7+K7
A8: 155 мм DM702 | L8: =B8+D8+F8+H8+J8 | M8: =C8+E8+G8+I8+K8
A9: 155 мм Coperhed | C9: 7 | L9: =B9+D9+F9+H9+J9 | M9: =C9+E9+G9+I9+K9
A10: ВСЬОГО: | B10: =SUM(B5:B9) | C10: =SUM(C5:C9) | D10: =SUM(D5:D9) | E10: =SUM(E5:E9) | F10: =SUM(F5:F9) | G10: =SUM(G5:G9) | H10: =SUM(H5:H9) | I10: =SUM(I5:I9) | ... M10: =SUM(M5:M9)
A11: Кількість витрати боєприпасів
B12: витрата б/п | C12: залишок б/п | D12: витрата б/п | E12: залишок б/п | F12: витрата б/п | G12: залишок б/п | H12: витрата б/п | I12: залишок б/п | J12: витрата б/п | K12: залишок б/п | L12: витрата б/п | M12: залишок б/п
A13: 60 мм міна ОФ | B13: 3 | C13: 120 | E13: 80 | L13: =B13+D13+F13+H13+J13 | M13: =C13+E13+G13+I13+K13
A14: 82 мм міна ОФ | B14: 10 | C14: 400 | D14: 4 | E14: 250 | G14: 90 | L14: =B14+D14+F14+H14+J14 | M14: =C14+E14+G14+I14+K14
A15: 120 мм міна ОФ | B15: 25 | C15: 900 | E15: 640 | L15: =B15+D15+F15+H15+J15 | M15: =C15+E15+G15+I15+K15
A16: 122 мм постріли РС 21ОФ | B16: 8 | C16: 60 | L16: =B16+D16+F16+H16+J16 | M16: =C16+E16+G16+I16+K16
A17: 122 мм ВОФ-5 | D17: 12 | E17: 300 | L17: =B17+D17+F17+H17+J17 | M17: =C17+E17+G17+I17+K17
A18: 152 мм ВОФ-546 | H18: 5 | I18: 410 | L18: =B18+D18+F18+H18+J18 | M18: =C18+E18+G18+I18+K18
A19: 155 мм постріл М107/М1(ОФ) | C19: 505 | D19: 7 | E19: 2640 | H19: 14 | I19: 493 | L19: =B19+D19+F19+H19+J19 | M19: =C19+E19+G19+I19+K19
A20: 155 мм постріл М795 (ОФ) | E20: 80 | H20: 6 | I20: 120 | L20: =B20+D20+F20+H20+J20 | M20: =C20+E20+G20+I20+K20
A21: 155 мм постріл М483 (КАС) | E21: 56 | I21: 142 | L21: =B21+D21+F21+H21+J21 | M21: =C21+E21+G21+I21+K21
A22: 155 мм постріл М741 (Д/М) | E22: 342 | I22: 985 | L22: =B22+D22+F22+H22+J22 | M22: =C22+E22+G22+I22+K22
A23: 155 мм постріл DM105 (ДИМ) | C23: 30 | H23: 2 | I23: 18 | L23: =B23+D23+F23+H23+J23 | M23: =C23+E23+G23+I23+K23
A24: 155 мм постріл DM116 (ОСВ) | E24: 11 | I24: 24 | L24: =B24+D24+F24+H24+J24 | M24: =C24+E24+G24+I24+K24
A25: 203 мм постріл ОФ М650 | H25: 1 | I25: 16 | L25: =B25+D25+F25+H25+J25 | M25: =C25+E25+G25+I25+K25
A26: 227 мм М31А2 (ОФ) | H26: 2 | I26: 40 | L26: =B26+D26+F26+H26+J26 | M26: =C26+E26+G26+I26+K26
A27: ВСЬОГО: | B27: =SUM(B13:B26) | C27: =SUM(C13:C26) | D27: =SUM(D13:D26) | E27: =SUM(E13:E26) | F27: =SUM(F13:F26) | G27: =SUM(G13:G26) | H27: =SUM(H13:H26) | I27: =SUM(I13:I26) | ... M27: =SUM(M13:M26)
A29: Витрата та залишок боєприпасів в підрозділах артилерії УДШВ
A30: Сили (засоби) | B30: 11 одшбр | D30: 12 одшбр | F30: 13 ошп | H30: АГр, РУК 14 оабр | L30: ВСЬОГО
A31: Кількість витрати боєприпасів
A32: 60 мм | B32: =B13 | C32: =C13 | D32: =D13 | E32: =E13 | F32: =F13 | G32: =G13 | H32: =H13 | I32: =I13 | ... M32: =M13
A33: 82 мм | B33: =B14 | C33: =C14 | D33: =D14 | E33: =E14 | F33: =F14 | G33: =G14 | H33: =H14 | I33: =I14 | ... M33: =M14
A34: 155 мм ОФ | B34: =B19+B20 | C34: =C19+C20 | D34: =D19+D20 | E34: =E19+E20 | F34: =F19+F20 | G34: =G19+G20 | H34: =H19+H20 | I34: =I19+I20 | ... M34: =M19+M20

Sheet витр.залиш.-ЗАР
A1: Витрата та залишок порохових зарядів
A2: Сили (засоби) | B2: 11 одшбр | D2: 12 одшбр | F2: АГр 14 оабр | H2: 99 омбр | J2: ВСЬОГО:
A3: Кількість зарядів
A4: ЗАРЯДИ | B4: витрата б/п | C4: залишок б/п | D4: витрата б/п | E4: залишок б/п | F4: витрата б/п | G4: залишок б/п | H4: витрата б/п | I4: залишок б/п | J4: витрата б/п | K4: залишок б/п
A5: 155мм М3А1 | C5: 87 | F5: 4 | G5: 100 | J5: =B5+D5+F5+H5 | K5: =C5+E5+G5+I5
A6: М4А1 | D6: 3 | E6: 200 | J6: =B6+D6+F6+H6 | K6: =C6+E6+G6+I6
A7: М119А1 | G7: 50 | H7: 2 | I7: 9 | J7: =B7+D7+F7+H7 | K7: =C7+E7+G7+I7
A8: ВСЬОГО: | B8: =SUM(B5:B7) | C8: =SUM(C5:C7) | D8: =SUM(D5:D7) | E8: =SUM(E5:E7) | F8: =SUM(F5:F7) | G8: =SUM(G5:G7) | H8: =SUM(H5:H7) | I8: =SUM(I5:I7) | ... K8: =SUM(K5:K7)

Sheet втр.прот!
A1: втрати противника за ДОБУ
B2: О\С | D2: ПУ, КП, КСП | E2: танки | G2: артилерія
B3: 200 | C3: 300 | D3: знищ | E3: знищ | F3: пошк | G3: знищ | H3: пошк
A4: 11 одшбр | B4: 1 | C4: 3 | F4: 2 | G4: 1
A5: 12 одшбр
A6: АГр 14 оабр
A8: ВСЬОГО | B8: =SUM(B4:B6) | C8: =SUM(C4:C6) | D8: =SUM(D4:D6) | E8: =SUM(E4:E6) | F8: =SUM(F4:F6) | G8: =SUM(G4:G6) | H8: =SUM(H4:H6)

Sheet Витрата снарядів
A1: Артилерійські підрозділи | B1: Всього виконано ВгЗ | C1: З них КББ | D1: Витрата
D2: 155 мм | E2: 152 | F2: 122 мм | G2: 122 мм РС | H2: 105 мм | I2: 120 мм | J2: 82 мм | K2: 60 мм | L2: ВСЬОГО
A3: 11 одшбр | B3: 10 | C3: 4 | D3: ='витр.залиш.-СН'!B13 | E3: ='витр.залиш.-СН'!B14 | F3: ='витр.залиш.-СН'!B15 | G3: ='витр.залиш.-СН'!B16 | H3: ='витр.залиш.-СН'!B17 | I3: ='витр.залиш.-СН'!B18 | J3: ='витр.залиш.-СН'!B19 | K3: ='витр.залиш.-СН'!B20 | L3: =SUM(D3:K3)
A4: 12 одшбр | B4: 11 | C4: 5 | D4: ='витр.залиш.-СН'!D13 | E4: ='витр.залиш.-СН'!D14 | F4: ='витр.залиш.-СН'!D15 | G4: ='витр.залиш.-СН'!D16 | H4: ='витр.залиш.-СН'!D17 | I4: ='витр.залиш.-СН'!D18 | J4: ='витр.залиш.-СН'!D19 | K4: ='витр.залиш.-СН'!D20 | L4: =SUM(D4:K4)
A5: 13 ошп | B5: 12 | C5: 6 | D5: ='витр.залиш.-СН'!F13 | E5: ='витр.залиш.-СН'!F14 | F5: ='витр.залиш.-СН'!F15 | G5: ='витр.залиш.-СН'!F16 | H5: ='витр.залиш.-СН'!F17 | I5: ='витр.залиш.-СН'!F18 | J5: ='витр.залиш.-СН'!F19 | K5: ='витр.залиш.-СН'!F20 | L5: =SUM(D5:K5)
A6: АГр 14 оабр | B6: 13 | C6: 7 | D6: ='витр.залиш.-СН'!H13 | E6: ='витр.залиш.-СН'!H14 | F6: ='витр.залиш.-СН'!H15 | G6: ='витр.залиш.-СН'!H16 | H6: ='витр.залиш.-СН'!H17 | I6: ='витр.залиш.-СН'!H18 | J6: ='витр.залиш.-СН'!H19 | K6: ='витр.залиш.-СН'!H20 | L6: =SUM(D6:K6)
A7: 21 омбр | D7: ='витр.залиш.-СН'!J13 | E7: ='витр.залиш.-СН'!J14 | F7: ='витр.залиш.-СН'!J15 | G7: ='витр.залиш.-СН'!J16 | H7: ='витр.залиш.-СН'!J17 | I7: ='витр.залиш.-СН'!J18 | J7: ='витр.залиш.-СН'!J19 | K7: ='витр.залиш.-СН'!J20 | L7: =SUM(D7:K7)

Sheet потреба
A3: Сили (засоби)
B34: 3

Sheet Заявка
B7: № п/п | C7: Калібр | D7: Витрата | E7: Залишок | F7: Потреба
